0,5,DOWN
1,5,DOWN
2,5,DOWN
3,5,DOWN
4,5,DOWN
5,5,DOWN
6,3,RIGHT
7,3,RIGHT
8,3,RIGHT
9,3,RIGHT
10,11,RIGHTFIRE
11,11,RIGHTFIRE
12,11,RIGHTFIRE
13,11,RIGHTFIRE
14,11,RIGHTFIRE
15,11,RIGHTFIRE
16,11,RIGHTFIRE
17,11,RIGHTFIRE
18,11,RIGHTFIRE
19,11,RIGHTFIRE
20,11,RIGHTFIRE
21,11,RIGHTFIRE
22,11,RIGHTFIRE
23,11,RIGHTFIRE
24,3,RIGHT
25,3,RIGHT
26,5,DOWN
27,5,DOWN
28,2,UP
29,2,UP
30,11,RIGHTFIRE
31,3,RIGHT
32,11,RIGHTFIRE
33,5,DOWN
34,5,DOWN
35,5,DOWN
36,5,DOWN
37,5,DOWN
38,5,DOWN
39,4,LEFT
40,4,LEFT
41,4,LEFT
42,12,LEFTFIRE
43,0,NOOP
44,0,NOOP
45,0,NOOP
46,0,NOOP
47,0,NOOP
48,0,NOOP
49,5,DOWN
50,5,DOWN
51,5,DOWN
52,5,DOWN
53,5,DOWN
54,3,RIGHT
55,3,RIGHT
56,3,RIGHT
57,3,RIGHT
58,11,RIGHTFIRE
59,11,RIGHTFIRE
60,11,RIGHTFIRE
61,11,RIGHTFIRE
62,11,RIGHTFIRE
63,0,NOOP
64,11,RIGHTFIRE
65,11,RIGHTFIRE
66,11,RIGHTFIRE
67,11,RIGHTFIRE
68,4,LEFT
69,5,DOWN
70,5,DOWN
71,5,DOWN
72,5,DOWN
73,5,DOWN
74,5,DOWN
75,4,LEFT
76,4,LEFT
77,4,LEFT
78,4,LEFT
79,4,LEFT
80,4,LEFT
81,4,LEFT
82,4,LEFT
83,4,LEFT
84,4,LEFT
85,4,LEFT
86,4,LEFT
87,4,LEFT
88,4,LEFT
89,2,UP
90,2,UP
91,2,UP
92,2,UP
93,2,UP
94,4,LEFT
95,1,FIRE
96,0,NOOP
97,0,NOOP
98,0,NOOP
99,3,RIGHT
100,5,DOWN
101,5,DOWN
102,5,DOWN
103,5,DOWN
104,5,DOWN
105,5,DOWN
106,3,RIGHT
107,3,RIGHT
108,3,RIGHT
109,3,RIGHT
110,11,RIGHTFIRE
111,0,NOOP
112,0,NOOP
113,11,RIGHTFIRE
114,0,NOOP
115,11,RIGHTFIRE
116,5,DOWN
117,5,DOWN
118,5,DOWN
119,5,DOWN
120,5,DOWN
121,4,LEFT
122,4,LEFT
123,4,LEFT
124,4,LEFT
125,4,LEFT
126,4,LEFT
127,12,LEFTFIRE
128,4,LEFT
129,4,LEFT
130,4,LEFT
131,4,LEFT
132,4,LEFT
133,4,LEFT
134,4,LEFT
135,4,LEFT
136,2,UP
137,2,UP
138,2,UP
139,2,UP
140,2,UP
141,4,LEFT
142,1,FIRE
143,0,NOOP
144,0,NOOP
145,0,NOOP
146,3,RIGHT
147,5,DOWN
148,5,DOWN
149,5,DOWN
150,5,DOWN
151,5,DOWN
152,3,RIGHT
153,3,RIGHT
154,3,RIGHT
155,3,RIGHT
156,3,RIGHT
157,3,RIGHT
158,11,RIGHTFIRE
159,3,RIGHT
160,3,RIGHT
161,3,RIGHT
162,3,RIGHT
163,3,RIGHT
164,3,RIGHT
165,3,RIGHT
166,3,RIGHT
167,2,UP
168,2,UP
169,2,UP
170,2,UP
171,2,UP
172,4,LEFT
173,12,LEFTFIRE
174,12,LEFTFIRE
175,12,LEFTFIRE
176,0,NOOP
177,12,LEFTFIRE
178,12,LEFTFIRE
179,0,NOOP
180,0,NOOP
181,4,LEFT
182,2,UP
183,2,UP
184,2,UP
185,2,UP
186,2,UP
187,4,LEFT
188,12,LEFTFIRE
189,4,LEFT
190,4,LEFT
191,4,LEFT
192,4,LEFT
193,4,LEFT
194,4,LEFT
195,4,LEFT
196,4,LEFT
197,0,NOOP
198,0,NOOP
199,0,NOOP
200,0,NOOP
201,0,NOOP
202,5,DOWN
203,5,DOWN
204,5,DOWN
205,5,DOWN
206,5,DOWN
207,3,RIGHT
208,3,RIGHT
209,3,RIGHT
210,3,RIGHT
211,3,RIGHT
212,11,RIGHTFIRE
213,0,NOOP
214,0,NOOP
215,11,RIGHTFIRE
216,11,RIGHTFIRE
217,0,NOOP
218,0,NOOP
219,5,DOWN
220,5,DOWN
221,5,DOWN
222,5,DOWN
223,5,DOWN
224,4,LEFT
225,4,LEFT
226,4,LEFT
227,4,LEFT
228,4,LEFT
229,4,LEFT
230,12,LEFTFIRE
231,0,NOOP
232,0,NOOP
233,0,NOOP
234,0,NOOP
235,0,NOOP
236,0,NOOP
237,0,NOOP
238,5,DOWN
239,5,DOWN
240,5,DOWN
241,5,DOWN
242,3,RIGHT
243,3,RIGHT
244,3,RIGHT
245,11,RIGHTFIRE
246,11,RIGHTFIRE
247,11,RIGHTFIRE
248,0,NOOP
249,11,RIGHTFIRE
250,11,RIGHTFIRE
251,11,RIGHTFIRE
252,5,DOWN
253,5,DOWN
254,5,DOWN
255,5,DOWN
256,5,DOWN
257,4,LEFT
258,4,LEFT
259,4,LEFT
260,4,LEFT
261,4,LEFT
262,4,LEFT
263,4,LEFT
264,4,LEFT
265,4,LEFT
266,4,LEFT
267,4,LEFT
268,4,LEFT
269,4,LEFT
270,4,LEFT
271,2,UP
272,2,UP
273,2,UP
274,2,UP
275,2,UP
276,2,UP
277,4,LEFT
278,1,FIRE
279,0,NOOP
280,0,NOOP
281,0,NOOP
282,3,RIGHT
283,5,DOWN
284,5,DOWN
285,5,DOWN
286,5,DOWN
287,5,DOWN
288,3,RIGHT
289,3,RIGHT
290,3,RIGHT
291,3,RIGHT
292,3,RIGHT
293,3,RIGHT
294,3,RIGHT
295,3,RIGHT
296,3,RIGHT
297,3,RIGHT
298,3,RIGHT
299,3,RIGHT
300,3,RIGHT
301,3,RIGHT
302,3,RIGHT
303,0,NOOP
304,0,NOOP
305,0,NOOP
306,0,NOOP
307,0,NOOP
308,0,NOOP
309,0,NOOP
310,0,NOOP
311,0,NOOP
312,5,DOWN
313,5,DOWN
314,5,DOWN
315,5,DOWN
316,3,RIGHT
317,3,RIGHT
318,3,RIGHT
319,11,RIGHTFIRE
320,11,RIGHTFIRE
321,11,RIGHTFIRE
322,11,RIGHTFIRE
323,0,NOOP
324,11,RIGHTFIRE
325,11,RIGHTFIRE
326,11,RIGHTFIRE
327,5,DOWN
328,5,DOWN
329,5,DOWN
330,5,DOWN
331,5,DOWN
332,4,LEFT
333,4,LEFT
334,4,LEFT
335,4,LEFT
336,4,LEFT
337,4,LEFT
338,12,LEFTFIRE
339,0,NOOP
340,0,NOOP
341,0,NOOP
342,12,LEFTFIRE
343,4,LEFT
344,4,LEFT
345,4,LEFT
346,4,LEFT
347,4,LEFT
348,2,UP
349,2,UP
350,2,UP
351,2,UP
352,2,UP
353,4,LEFT
354,1,FIRE
355,0,NOOP
356,0,NOOP
357,0,NOOP
358,3,RIGHT
359,5,DOWN
360,5,DOWN
361,5,DOWN
362,5,DOWN
363,5,DOWN
364,3,RIGHT
365,3,RIGHT
366,3,RIGHT
367,3,RIGHT
368,3,RIGHT
369,11,RIGHTFIRE
370,0,NOOP
371,0,NOOP
372,0,NOOP
373,0,NOOP
374,0,NOOP
375,0,NOOP
376,0,NOOP
377,0,NOOP
378,0,NOOP
379,0,NOOP
380,5,DOWN
381,5,DOWN
382,5,DOWN
383,5,DOWN
384,5,DOWN
385,3,RIGHT
386,3,RIGHT
387,2,UP
388,2,UP
389,2,UP
390,2,UP
391,2,UP
392,4,LEFT
393,4,LEFT
394,3,RIGHT
395,0,NOOP
396,0,NOOP
397,0,NOOP
398,0,NOOP
399,0,NOOP
400,0,NOOP
401,5,DOWN
402,5,DOWN
403,5,DOWN
404,5,DOWN
405,5,DOWN
406,5,DOWN
407,3,RIGHT
408,3,RIGHT
409,3,RIGHT
410,3,RIGHT
411,11,RIGHTFIRE
412,11,RIGHTFIRE
413,11,RIGHTFIRE
414,0,NOOP
415,11,RIGHTFIRE
416,11,RIGHTFIRE
417,0,NOOP
418,5,DOWN
419,3,RIGHT
420,5,DOWN
421,5,DOWN
422,5,DOWN
423,5,DOWN
424,5,DOWN
425,4,LEFT
426,4,LEFT
427,4,LEFT
428,4,LEFT
429,4,LEFT
430,0,NOOP
431,0,NOOP
432,0,NOOP
433,12,LEFTFIRE
434,0,NOOP
435,0,NOOP
436,4,LEFT
437,4,LEFT
438,4,LEFT
439,4,LEFT
440,4,LEFT
441,4,LEFT
442,4,LEFT
443,2,UP
444,2,UP
445,2,UP
446,2,UP
447,2,UP
448,4,LEFT
449,1,FIRE
450,0,NOOP
451,0,NOOP
452,0,NOOP
453,3,RIGHT
454,5,DOWN
455,5,DOWN
456,5,DOWN
457,5,DOWN
458,5,DOWN
459,3,RIGHT
460,3,RIGHT
461,3,RIGHT
462,3,RIGHT
463,0,NOOP
464,0,NOOP
465,0,NOOP
466,11,RIGHTFIRE
467,3,RIGHT
468,3,RIGHT
469,0,NOOP
470,11,RIGHTFIRE
471,3,RIGHT
472,3,RIGHT
473,3,RIGHT
474,3,RIGHT
475,3,RIGHT
476,3,RIGHT
477,3,RIGHT
478,2,UP
479,2,UP
480,2,UP
481,2,UP
482,2,UP
483,4,LEFT
484,12,LEFTFIRE
485,0,NOOP
486,12,LEFTFIRE
487,4,LEFT
488,4,LEFT
489,4,LEFT
490,4,LEFT
491,2,UP
492,3,RIGHT
493,3,RIGHT
494,2,UP
495,2,UP
496,2,UP
497,2,UP
498,2,UP
499,4,LEFT
500,12,LEFTFIRE
501,4,LEFT
502,4,LEFT
503,3,RIGHT
504,5,DOWN
505,5,DOWN
506,5,DOWN
507,5,DOWN
508,3,RIGHT
509,3,RIGHT
510,3,RIGHT
511,11,RIGHTFIRE
512,11,RIGHTFIRE
513,11,RIGHTFIRE
514,0,NOOP
515,11,RIGHTFIRE
516,11,RIGHTFIRE
517,0,NOOP
518,3,RIGHT
519,5,DOWN
520,5,DOWN
521,5,DOWN
522,5,DOWN
523,5,DOWN
524,4,LEFT
525,4,LEFT
526,4,LEFT
527,4,LEFT
528,4,LEFT
529,0,NOOP
530,0,NOOP
531,0,NOOP
532,0,NOOP
533,12,LEFTFIRE
534,4,LEFT
535,4,LEFT
536,4,LEFT
537,4,LEFT
538,4,LEFT
539,4,LEFT
540,4,LEFT
541,4,LEFT
542,2,UP
543,2,UP
544,2,UP
545,2,UP
546,2,UP
547,4,LEFT
548,1,FIRE
549,0,NOOP
550,0,NOOP
551,3,RIGHT
552,5,DOWN
553,5,DOWN
554,5,DOWN
555,5,DOWN
556,5,DOWN
557,3,RIGHT
558,3,RIGHT
559,3,RIGHT
560,3,RIGHT
561,3,RIGHT
562,11,RIGHTFIRE
563,3,RIGHT
564,3,RIGHT
565,11,RIGHTFIRE
566,11,RIGHTFIRE
567,3,RIGHT
568,3,RIGHT
569,3,RIGHT
570,3,RIGHT
571,2,UP
572,2,UP
573,2,UP
574,2,UP
575,2,UP
576,4,LEFT
577,12,LEFTFIRE
578,12,LEFTFIRE
579,0,NOOP
580,12,LEFTFIRE
581,4,LEFT
582,4,LEFT
583,4,LEFT
584,4,LEFT
585,2,UP
586,3,RIGHT
587,3,RIGHT
588,2,UP
589,2,UP
590,2,UP
591,2,UP
592,2,UP
593,4,LEFT
594,12,LEFTFIRE
595,4,LEFT
596,4,LEFT
597,4,LEFT
598,4,LEFT
599,4,LEFT
600,4,LEFT
601,4,LEFT
602,5,DOWN
603,5,DOWN
604,5,DOWN
605,5,DOWN
606,3,RIGHT
607,3,RIGHT
608,3,RIGHT
609,3,RIGHT
610,3,RIGHT
611,11,RIGHTFIRE
612,3,RIGHT
613,3,RIGHT
614,11,RIGHTFIRE
615,3,RIGHT
616,3,RIGHT
617,5,DOWN
618,5,DOWN
619,5,DOWN
620,5,DOWN
621,5,DOWN
622,4,LEFT
623,4,LEFT
624,4,LEFT
625,4,LEFT
626,4,LEFT
627,4,LEFT
628,12,LEFTFIRE
629,4,LEFT
630,4,LEFT
631,4,LEFT
632,4,LEFT
633,4,LEFT
634,4,LEFT
635,4,LEFT
636,2,UP
637,2,UP
638,2,UP
639,2,UP
640,2,UP
641,4,LEFT
642,1,FIRE
643,0,NOOP
644,0,NOOP
645,3,RIGHT
646,5,DOWN
647,5,DOWN
648,5,DOWN
649,5,DOWN
650,5,DOWN
651,3,RIGHT
652,3,RIGHT
653,3,RIGHT
654,3,RIGHT
655,3,RIGHT
656,3,RIGHT
657,11,RIGHTFIRE
658,3,RIGHT
659,3,RIGHT
660,3,RIGHT
661,3,RIGHT
662,3,RIGHT
663,3,RIGHT
664,3,RIGHT
665,2,UP
666,2,UP
667,2,UP
668,2,UP
669,2,UP
670,4,LEFT
671,12,LEFTFIRE
672,4,LEFT
673,12,LEFTFIRE
674,11,RIGHTFIRE
675,4,LEFT
676,4,LEFT
677,4,LEFT
678,3,RIGHT
679,2,UP
680,2,UP
681,2,UP
682,2,UP
683,2,UP
684,4,LEFT
685,12,LEFTFIRE
686,4,LEFT
687,4,LEFT
688,4,LEFT
689,4,LEFT
690,4,LEFT
691,4,LEFT
692,4,LEFT
693,4,LEFT
694,0,NOOP
695,0,NOOP
696,0,NOOP
697,0,NOOP
698,0,NOOP
699,0,NOOP
700,0,NOOP
701,0,NOOP
702,0,NOOP
703,5,DOWN
704,5,DOWN
705,5,DOWN
706,5,DOWN
707,3,RIGHT
708,3,RIGHT
709,3,RIGHT
710,11,RIGHTFIRE
711,3,RIGHT
712,11,RIGHTFIRE
713,0,NOOP
714,11,RIGHTFIRE
715,3,RIGHT
716,11,RIGHTFIRE
717,5,DOWN
718,5,DOWN
719,5,DOWN
720,5,DOWN
721,5,DOWN
722,4,LEFT
723,4,LEFT
724,4,LEFT
725,4,LEFT
726,4,LEFT
727,4,LEFT
728,12,LEFTFIRE
729,4,LEFT
730,4,LEFT
731,4,LEFT
732,4,LEFT
733,4,LEFT
734,4,LEFT
735,4,LEFT
736,4,LEFT
737,2,UP
738,2,UP
739,2,UP
740,2,UP
741,2,UP
742,4,LEFT
743,1,FIRE
744,0,NOOP
745,0,NOOP
746,3,RIGHT
747,5,DOWN
748,5,DOWN
749,5,DOWN
750,5,DOWN
751,5,DOWN
752,3,RIGHT
753,3,RIGHT
754,3,RIGHT
755,3,RIGHT
756,3,RIGHT
757,3,RIGHT
758,11,RIGHTFIRE
759,3,RIGHT
760,3,RIGHT
761,3,RIGHT
762,3,RIGHT
763,3,RIGHT
764,3,RIGHT
765,3,RIGHT
766,2,UP
767,2,UP
768,2,UP
769,2,UP
770,2,UP
771,4,LEFT
772,12,LEFTFIRE
773,12,LEFTFIRE
774,0,NOOP
775,12,LEFTFIRE
776,12,LEFTFIRE
777,4,LEFT
778,4,LEFT
779,4,LEFT
780,2,UP
781,2,UP
782,3,RIGHT
783,3,RIGHT
784,3,RIGHT
785,2,UP
786,2,UP
787,2,UP
788,2,UP
789,2,UP
790,4,LEFT
791,12,LEFTFIRE
792,4,LEFT
793,4,LEFT
794,4,LEFT
795,4,LEFT
796,4,LEFT
797,4,LEFT
798,4,LEFT
799,4,LEFT
800,0,NOOP
801,0,NOOP
802,0,NOOP
803,5,DOWN
804,5,DOWN
805,5,DOWN
806,5,DOWN
807,5,DOWN
808,3,RIGHT
809,3,RIGHT
810,3,RIGHT
811,3,RIGHT
812,3,RIGHT
813,11,RIGHTFIRE
814,3,RIGHT
815,3,RIGHT
816,3,RIGHT
817,11,RIGHTFIRE
818,3,RIGHT
819,3,RIGHT
820,5,DOWN
821,5,DOWN
822,5,DOWN
823,5,DOWN
824,5,DOWN
825,4,LEFT
826,4,LEFT
827,4,LEFT
828,4,LEFT
829,4,LEFT
830,12,LEFTFIRE
831,4,LEFT
832,4,LEFT
833,4,LEFT
834,0,NOOP
835,0,NOOP
836,0,NOOP
837,0,NOOP
838,0,NOOP
839,5,DOWN
840,5,DOWN
841,5,DOWN
842,5,DOWN
843,3,RIGHT
844,3,RIGHT
845,3,RIGHT
846,3,RIGHT
847,11,RIGHTFIRE
848,3,RIGHT
849,3,RIGHT
850,11,RIGHTFIRE
851,3,RIGHT
852,3,RIGHT
853,5,DOWN
854,5,DOWN
855,5,DOWN
856,5,DOWN
857,4,LEFT
858,4,LEFT
859,4,LEFT
860,3,RIGHT
861,5,DOWN
862,5,DOWN
863,4,LEFT
864,4,LEFT
865,4,LEFT
866,4,LEFT
867,4,LEFT
868,4,LEFT
869,4,LEFT
870,4,LEFT
871,4,LEFT
872,4,LEFT
873,4,LEFT
874,4,LEFT
875,4,LEFT
876,4,LEFT
877,2,UP
878,2,UP
879,2,UP
880,2,UP
881,2,UP
882,4,LEFT
883,1,FIRE
884,0,NOOP
885,0,NOOP
886,3,RIGHT
887,5,DOWN
888,5,DOWN
889,5,DOWN
890,5,DOWN
891,5,DOWN
892,3,RIGHT
893,3,RIGHT
894,3,RIGHT
895,3,RIGHT
896,3,RIGHT
897,3,RIGHT
898,3,RIGHT
899,3,RIGHT
900,3,RIGHT
901,3,RIGHT
902,3,RIGHT
903,4,LEFT
904,5,DOWN
905,5,DOWN
906,5,DOWN
907,5,DOWN
908,5,DOWN
909,3,RIGHT
910,3,RIGHT
911,3,RIGHT
912,3,RIGHT
913,3,RIGHT
914,11,RIGHTFIRE
915,11,RIGHTFIRE
916,11,RIGHTFIRE
917,0,NOOP
918,11,RIGHTFIRE
919,11,RIGHTFIRE
920,5,DOWN
921,5,DOWN
922,5,DOWN
923,3,RIGHT
924,5,DOWN
925,5,DOWN
926,5,DOWN
927,5,DOWN
928,5,DOWN
929,4,LEFT
930,4,LEFT
931,4,LEFT
932,4,LEFT
933,4,LEFT
934,12,LEFTFIRE
935,4,LEFT
936,4,LEFT
937,4,LEFT
938,4,LEFT
939,4,LEFT
940,4,LEFT
941,4,LEFT
942,4,LEFT
943,2,UP
944,2,UP
945,2,UP
946,2,UP
947,2,UP
948,4,LEFT
949,1,FIRE
950,0,NOOP
951,0,NOOP
952,3,RIGHT
953,5,DOWN
954,5,DOWN
955,5,DOWN
956,5,DOWN
957,5,DOWN
958,3,RIGHT
959,3,RIGHT
960,3,RIGHT
961,3,RIGHT
962,3,RIGHT
963,11,RIGHTFIRE
964,3,RIGHT
965,3,RIGHT
966,3,RIGHT
967,3,RIGHT
968,3,RIGHT
969,3,RIGHT
970,3,RIGHT
971,3,RIGHT
972,2,UP
973,2,UP
974,2,UP
975,2,UP
976,2,UP
977,4,LEFT
978,12,LEFTFIRE
979,4,LEFT
980,4,LEFT
981,12,LEFTFIRE
982,4,LEFT
983,4,LEFT
984,4,LEFT
985,2,UP
986,2,UP
987,2,UP
988,2,UP
989,2,UP
990,4,LEFT
991,12,LEFTFIRE
992,4,LEFT
993,4,LEFT
994,4,LEFT
995,4,LEFT
996,4,LEFT
997,4,LEFT
998,4,LEFT
999,4,LEFT
1000,0,NOOP
1001,0,NOOP
1002,5,DOWN
1003,5,DOWN
1004,5,DOWN
1005,5,DOWN
1006,3,RIGHT
1007,3,RIGHT
1008,3,RIGHT
1009,3,RIGHT
1010,11,RIGHTFIRE
1011,3,RIGHT
1012,3,RIGHT
1013,11,RIGHTFIRE
1014,3,RIGHT
1015,3,RIGHT
1016,5,DOWN
1017,5,DOWN
1018,5,DOWN
1019,5,DOWN
1020,5,DOWN
1021,4,LEFT
1022,4,LEFT
1023,4,LEFT
1024,4,LEFT
1025,4,LEFT
1026,4,LEFT
1027,0,NOOP
1028,0,NOOP
1029,12,LEFTFIRE
1030,4,LEFT
1031,4,LEFT
1032,4,LEFT
1033,4,LEFT
1034,4,LEFT
1035,4,LEFT
1036,4,LEFT
1037,4,LEFT
1038,2,UP
1039,2,UP
1040,2,UP
1041,2,UP
1042,2,UP
1043,4,LEFT
1044,1,FIRE
1045,0,NOOP
1046,0,NOOP
1047,3,RIGHT
1048,5,DOWN
1049,5,DOWN
1050,5,DOWN
1051,5,DOWN
1052,5,DOWN
1053,3,RIGHT
1054,3,RIGHT
1055,3,RIGHT
1056,3,RIGHT
1057,3,RIGHT
1058,3,RIGHT
1059,11,RIGHTFIRE
1060,3,RIGHT
1061,3,RIGHT
1062,0,NOOP
1063,0,NOOP
1064,0,NOOP
1065,0,NOOP
1066,0,NOOP
1067,0,NOOP
1068,5,DOWN
1069,5,DOWN
1070,5,DOWN
1071,5,DOWN
1072,2,UP
1073,2,UP
1074,2,UP
1075,2,UP
1076,2,UP
1077,4,LEFT
1078,12,LEFTFIRE
1079,4,LEFT
1080,4,LEFT
1081,4,LEFT
1082,4,LEFT
1083,4,LEFT
1084,4,LEFT
1085,4,LEFT
1086,4,LEFT
1087,4,LEFT
1088,0,NOOP
1089,0,NOOP
1090,0,NOOP
1091,0,NOOP
1092,0,NOOP
1093,0,NOOP
1094,0,NOOP
1095,0,NOOP
1096,0,NOOP
1097,0,NOOP
1098,0,NOOP
1099,0,NOOP
1100,0,NOOP
1101,0,NOOP
1102,0,NOOP
1103,5,DOWN
1104,5,DOWN
1105,5,DOWN
1106,5,DOWN
1107,3,RIGHT
1108,3,RIGHT
1109,3,RIGHT
1110,3,RIGHT
1111,11,RIGHTFIRE
1112,3,RIGHT
1113,3,RIGHT
1114,11,RIGHTFIRE
1115,3,RIGHT
1116,3,RIGHT
1117,5,DOWN
1118,5,DOWN
1119,5,DOWN
1120,5,DOWN
1121,5,DOWN
1122,4,LEFT
1123,4,LEFT
1124,4,LEFT
1125,4,LEFT
1126,4,LEFT
1127,4,LEFT
1128,12,LEFTFIRE
1129,4,LEFT
1130,4,LEFT
1131,4,LEFT
1132,4,LEFT
1133,4,LEFT
1134,4,LEFT
1135,4,LEFT
1136,4,LEFT
1137,2,UP
1138,2,UP
1139,2,UP
1140,2,UP
1141,2,UP
1142,4,LEFT
1143,1,FIRE
1144,0,NOOP
1145,0,NOOP
1146,0,NOOP
1147,3,RIGHT
1148,5,DOWN
1149,5,DOWN
1150,5,DOWN
1151,5,DOWN
1152,5,DOWN
1153,3,RIGHT
1154,3,RIGHT
1155,3,RIGHT
1156,3,RIGHT
1157,3,RIGHT
1158,3,RIGHT
1159,11,RIGHTFIRE
1160,0,NOOP
1161,0,NOOP
1162,0,NOOP
1163,0,NOOP
1164,0,NOOP
1165,0,NOOP
1166,0,NOOP
1167,0,NOOP
1168,5,DOWN
1169,5,DOWN
1170,2,UP
1171,2,UP
1172,2,UP
1173,4,LEFT
1174,12,LEFTFIRE
1175,4,LEFT
1176,4,LEFT
1177,4,LEFT
1178,4,LEFT
1179,4,LEFT
1180,4,LEFT
1181,4,LEFT
1182,4,LEFT
1183,4,LEFT
1184,0,NOOP
1185,0,NOOP
1186,0,NOOP
1187,0,NOOP
1188,0,NOOP
1189,0,NOOP
1190,0,NOOP
1191,0,NOOP
1192,0,NOOP
1193,0,NOOP
1194,0,NOOP
1195,0,NOOP
1196,0,NOOP
1197,0,NOOP
1198,0,NOOP
1199,0,NOOP
1200,0,NOOP
1201,0,NOOP
1202,0,NOOP
1203,5,DOWN
1204,5,DOWN
1205,5,DOWN
1206,5,DOWN
1207,5,DOWN
1208,3,RIGHT
1209,3,RIGHT
1210,3,RIGHT
1211,3,RIGHT
1212,11,RIGHTFIRE
1213,3,RIGHT
1214,3,RIGHT
1215,11,RIGHTFIRE
1216,3,RIGHT
1217,3,RIGHT
1218,5,DOWN
1219,5,DOWN
1220,5,DOWN
1221,5,DOWN
1222,5,DOWN
1223,4,LEFT
1224,4,LEFT
1225,4,LEFT
1226,4,LEFT
1227,4,LEFT
1228,4,LEFT
1229,12,LEFTFIRE
1230,4,LEFT
1231,4,LEFT
1232,4,LEFT
1233,4,LEFT
1234,4,LEFT
1235,4,LEFT
1236,4,LEFT
1237,4,LEFT
1238,2,UP
1239,2,UP
1240,2,UP
1241,2,UP
1242,2,UP
1243,2,UP
1244,4,LEFT
1245,4,LEFT
1246,1,FIRE
1247,0,NOOP
1248,0,NOOP
1249,3,RIGHT
1250,3,RIGHT
1251,5,DOWN
1252,5,DOWN
1253,5,DOWN
1254,5,DOWN
1255,5,DOWN
1256,3,RIGHT
1257,3,RIGHT
1258,3,RIGHT
1259,3,RIGHT
1260,3,RIGHT
1261,11,RIGHTFIRE
1262,3,RIGHT
1263,3,RIGHT
1264,3,RIGHT
1265,3,RIGHT
1266,3,RIGHT
1267,3,RIGHT
1268,3,RIGHT
1269,3,RIGHT
1270,3,RIGHT
1271,2,UP
1272,2,UP
1273,2,UP
1274,2,UP
1275,2,UP
1276,4,LEFT
1277,12,LEFTFIRE
1278,4,LEFT
1279,12,LEFTFIRE
1280,4,LEFT
1281,4,LEFT
1282,4,LEFT
1283,4,LEFT
1284,3,RIGHT
1285,2,UP
1286,2,UP
1287,2,UP
1288,2,UP
1289,2,UP
1290,4,LEFT
1291,12,LEFTFIRE
1292,4,LEFT
1293,4,LEFT
1294,4,LEFT
1295,4,LEFT
1296,4,LEFT
1297,4,LEFT
1298,4,LEFT
1299,4,LEFT
1300,0,NOOP
1301,0,NOOP
1302,5,DOWN
1303,5,DOWN
1304,5,DOWN
1305,5,DOWN
1306,5,DOWN
1307,3,RIGHT
1308,3,RIGHT
1309,3,RIGHT
1310,3,RIGHT
1311,11,RIGHTFIRE
1312,3,RIGHT
1313,3,RIGHT
1314,11,RIGHTFIRE
1315,3,RIGHT
1316,3,RIGHT
1317,5,DOWN
1318,5,DOWN
1319,5,DOWN
1320,5,DOWN
1321,5,DOWN
1322,4,LEFT
1323,4,LEFT
1324,4,LEFT
1325,4,LEFT
1326,4,LEFT
1327,4,LEFT
1328,12,LEFTFIRE
1329,4,LEFT
1330,4,LEFT
1331,4,LEFT
1332,4,LEFT
1333,4,LEFT
1334,4,LEFT
1335,4,LEFT
1336,2,UP
1337,2,UP
1338,2,UP
1339,2,UP
1340,2,UP
1341,4,LEFT
1342,1,FIRE
1343,0,NOOP
1344,0,NOOP
1345,0,NOOP
1346,3,RIGHT
1347,5,DOWN
1348,5,DOWN
1349,5,DOWN
1350,5,DOWN
1351,5,DOWN
1352,3,RIGHT
1353,3,RIGHT
1354,3,RIGHT
1355,3,RIGHT
1356,3,RIGHT
1357,3,RIGHT
1358,11,RIGHTFIRE
1359,0,NOOP
1360,0,NOOP
1361,3,RIGHT
1362,3,RIGHT
1363,3,RIGHT
1364,3,RIGHT
1365,3,RIGHT
1366,3,RIGHT
1367,2,UP
1368,2,UP
1369,2,UP
1370,2,UP
1371,2,UP
1372,4,LEFT
1373,12,LEFTFIRE
1374,4,LEFT
1375,4,LEFT
1376,12,LEFTFIRE
1377,4,LEFT
1378,4,LEFT
1379,4,LEFT
1380,2,UP
1381,2,UP
1382,2,UP
1383,2,UP
1384,2,UP
1385,4,LEFT
1386,12,LEFTFIRE
1387,4,LEFT
1388,4,LEFT
1389,4,LEFT
1390,4,LEFT
1391,4,LEFT
1392,4,LEFT
1393,4,LEFT
1394,4,LEFT
1395,0,NOOP
1396,0,NOOP
1397,0,NOOP
1398,0,NOOP
1399,0,NOOP
1400,0,NOOP
1401,0,NOOP
1402,5,DOWN
1403,5,DOWN
1404,5,DOWN
1405,5,DOWN
1406,3,RIGHT
1407,3,RIGHT
1408,3,RIGHT
1409,11,RIGHTFIRE
1410,3,RIGHT
1411,3,RIGHT
1412,11,RIGHTFIRE
1413,11,RIGHTFIRE
1414,11,RIGHTFIRE
1415,0,NOOP
1416,11,RIGHTFIRE
1417,11,RIGHTFIRE
1418,5,DOWN
1419,5,DOWN
1420,5,DOWN
1421,3,RIGHT
1422,5,DOWN
1423,5,DOWN
1424,5,DOWN
1425,5,DOWN
1426,5,DOWN
1427,4,LEFT
1428,4,LEFT
1429,4,LEFT
1430,4,LEFT
1431,4,LEFT
1432,12,LEFTFIRE
1433,4,LEFT
1434,4,LEFT
1435,4,LEFT
1436,4,LEFT
1437,4,LEFT
1438,4,LEFT
1439,4,LEFT
1440,4,LEFT
1441,4,LEFT
1442,2,UP
1443,2,UP
1444,2,UP
1445,2,UP
1446,2,UP
1447,4,LEFT
1448,1,FIRE
1449,0,NOOP
1450,0,NOOP
1451,0,NOOP
1452,3,RIGHT
1453,5,DOWN
1454,5,DOWN
1455,5,DOWN
1456,5,DOWN
1457,5,DOWN
1458,3,RIGHT
1459,3,RIGHT
1460,3,RIGHT
1461,3,RIGHT
1462,3,RIGHT
1463,11,RIGHTFIRE
1464,0,NOOP
1465,0,NOOP
1466,3,RIGHT
1467,3,RIGHT
1468,3,RIGHT
1469,3,RIGHT
1470,3,RIGHT
1471,3,RIGHT
1472,3,RIGHT
1473,2,UP
1474,2,UP
1475,2,UP
1476,2,UP
1477,2,UP
1478,4,LEFT
1479,4,LEFT
1480,12,LEFTFIRE
1481,0,NOOP
1482,0,NOOP
1483,0,NOOP
1484,0,NOOP
1485,0,NOOP
1486,0,NOOP
1487,0,NOOP
1488,0,NOOP
1489,4,LEFT
1490,12,LEFTFIRE
1491,4,LEFT
1492,4,LEFT
1493,4,LEFT
1494,4,LEFT
1495,4,LEFT
1496,4,LEFT
1497,4,LEFT
1498,4,LEFT
1499,4,LEFT
1500,0,NOOP
1501,0,NOOP
1502,0,NOOP
1503,5,DOWN
1504,5,DOWN
1505,5,DOWN
1506,5,DOWN
1507,3,RIGHT
1508,3,RIGHT
1509,3,RIGHT
1510,3,RIGHT
1511,11,RIGHTFIRE
1512,3,RIGHT
1513,3,RIGHT
1514,0,NOOP
1515,11,RIGHTFIRE
1516,11,RIGHTFIRE
1517,5,DOWN
1518,5,DOWN
1519,5,DOWN
1520,5,DOWN
1521,5,DOWN
1522,5,DOWN
1523,4,LEFT
1524,4,LEFT
1525,4,LEFT
1526,4,LEFT
1527,4,LEFT
1528,4,LEFT
1529,12,LEFTFIRE
1530,4,LEFT
1531,4,LEFT
1532,4,LEFT
1533,4,LEFT
1534,4,LEFT
1535,4,LEFT
1536,4,LEFT
1537,2,UP
1538,2,UP
1539,2,UP
1540,2,UP
1541,2,UP
1542,4,LEFT
1543,1,FIRE
1544,0,NOOP
1545,0,NOOP
1546,0,NOOP
1547,3,RIGHT
1548,5,DOWN
1549,5,DOWN
1550,5,DOWN
1551,5,DOWN
1552,5,DOWN
1553,3,RIGHT
1554,3,RIGHT
1555,3,RIGHT
1556,3,RIGHT
1557,3,RIGHT
1558,3,RIGHT
1559,11,RIGHTFIRE
1560,0,NOOP
1561,0,NOOP
1562,0,NOOP
1563,0,NOOP
1564,0,NOOP
1565,0,NOOP
1566,0,NOOP
1567,4,LEFT
1568,12,LEFTFIRE
1569,4,LEFT
1570,4,LEFT
1571,4,LEFT
1572,4,LEFT
1573,4,LEFT
1574,4,LEFT
1575,4,LEFT
1576,4,LEFT
1577,4,LEFT
1578,0,NOOP
1579,0,NOOP
1580,0,NOOP
1581,0,NOOP
1582,0,NOOP
1583,0,NOOP
1584,0,NOOP
1585,0,NOOP
1586,0,NOOP
1587,0,NOOP
1588,0,NOOP
1589,0,NOOP
1590,0,NOOP
1591,0,NOOP
1592,0,NOOP
1593,0,NOOP
1594,0,NOOP
1595,0,NOOP
1596,0,NOOP
1597,0,NOOP
1598,0,NOOP
1599,0,NOOP
1600,0,NOOP
1601,0,NOOP
1602,0,NOOP
1603,0,NOOP
1604,0,NOOP
1605,5,DOWN
1606,5,DOWN
1607,5,DOWN
1608,5,DOWN
1609,3,RIGHT
1610,3,RIGHT
1611,3,RIGHT
1612,3,RIGHT
1613,11,RIGHTFIRE
1614,3,RIGHT
1615,3,RIGHT
1616,11,RIGHTFIRE
1617,3,RIGHT
1618,3,RIGHT
1619,5,DOWN
1620,5,DOWN
1621,5,DOWN
1622,5,DOWN
1623,5,DOWN
1624,4,LEFT
1625,4,LEFT
1626,4,LEFT
1627,4,LEFT
1628,4,LEFT
1629,4,LEFT
1630,12,LEFTFIRE
1631,4,LEFT
1632,4,LEFT
1633,4,LEFT
1634,4,LEFT
1635,4,LEFT
1636,4,LEFT
1637,4,LEFT
1638,2,UP
1639,2,UP
1640,2,UP
1641,2,UP
1642,2,UP
1643,4,LEFT
1644,1,FIRE
1645,0,NOOP
1646,0,NOOP
1647,0,NOOP
1648,3,RIGHT
1649,5,DOWN
1650,5,DOWN
1651,5,DOWN
1652,5,DOWN
1653,5,DOWN
1654,3,RIGHT
1655,3,RIGHT
1656,3,RIGHT
1657,3,RIGHT
1658,3,RIGHT
1659,3,RIGHT
1660,11,RIGHTFIRE
1661,0,NOOP
1662,0,NOOP
1663,0,NOOP
1664,0,NOOP
1665,0,NOOP
1666,0,NOOP
1667,0,NOOP
1668,5,DOWN
1669,5,DOWN
1670,5,DOWN
1671,2,UP
1672,2,UP
1673,2,UP
1674,2,UP
1675,4,LEFT
1676,12,LEFTFIRE
1677,4,LEFT
1678,4,LEFT
1679,4,LEFT
1680,4,LEFT
1681,4,LEFT
1682,4,LEFT
1683,4,LEFT
1684,4,LEFT
1685,4,LEFT
1686,0,NOOP
1687,0,NOOP
1688,0,NOOP
1689,0,NOOP
1690,0,NOOP
1691,0,NOOP
1692,0,NOOP
1693,0,NOOP
1694,0,NOOP
1695,0,NOOP
1696,0,NOOP
1697,0,NOOP
1698,0,NOOP
1699,0,NOOP
1700,0,NOOP
1701,0,NOOP
1702,0,NOOP
1703,5,DOWN
1704,5,DOWN
1705,5,DOWN
1706,5,DOWN
1707,3,RIGHT
1708,3,RIGHT
1709,3,RIGHT
1710,3,RIGHT
1711,11,RIGHTFIRE
1712,3,RIGHT
1713,11,RIGHTFIRE
1714,11,RIGHTFIRE
1715,0,NOOP
1716,11,RIGHTFIRE
1717,3,RIGHT
1718,3,RIGHT
1719,5,DOWN
1720,5,DOWN
1721,5,DOWN
1722,5,DOWN
1723,5,DOWN
1724,4,LEFT
1725,4,LEFT
1726,4,LEFT
1727,4,LEFT
1728,4,LEFT
1729,4,LEFT
1730,12,LEFTFIRE
1731,0,NOOP
1732,0,NOOP
1733,0,NOOP
1734,0,NOOP
1735,0,NOOP
1736,0,NOOP
1737,0,NOOP
1738,5,DOWN
1739,5,DOWN
1740,5,DOWN
1741,5,DOWN
1742,3,RIGHT
1743,3,RIGHT
1744,3,RIGHT
1745,11,RIGHTFIRE
1746,11,RIGHTFIRE
1747,11,RIGHTFIRE
1748,11,RIGHTFIRE
1749,0,NOOP
1750,11,RIGHTFIRE
1751,11,RIGHTFIRE
1752,11,RIGHTFIRE
1753,5,DOWN
1754,5,DOWN
1755,5,DOWN
1756,5,DOWN
1757,4,LEFT
1758,4,LEFT
1759,4,LEFT
1760,4,LEFT
1761,4,LEFT
1762,4,LEFT
1763,4,LEFT
1764,4,LEFT
1765,4,LEFT
1766,4,LEFT
1767,4,LEFT
1768,4,LEFT
1769,4,LEFT
1770,4,LEFT
1771,2,UP
1772,2,UP
1773,2,UP
1774,2,UP
1775,2,UP
1776,4,LEFT
1777,1,FIRE
1778,0,NOOP
1779,0,NOOP
1780,3,RIGHT
1781,5,DOWN
1782,5,DOWN
1783,5,DOWN
1784,5,DOWN
1785,3,RIGHT
1786,3,RIGHT
1787,3,RIGHT
1788,3,RIGHT
1789,3,RIGHT
1790,3,RIGHT
1791,3,RIGHT
1792,3,RIGHT
1793,3,RIGHT
1794,3,RIGHT
1795,3,RIGHT
1796,3,RIGHT
1797,3,RIGHT
1798,3,RIGHT
1799,2,UP
1800,2,UP
1801,2,UP
1802,2,UP
1803,2,UP
1804,5,DOWN
1805,5,DOWN
1806,5,DOWN
1807,5,DOWN
1808,3,RIGHT
1809,3,RIGHT
1810,3,RIGHT
1811,11,RIGHTFIRE
1812,11,RIGHTFIRE
1813,11,RIGHTFIRE
1814,0,NOOP
1815,11,RIGHTFIRE
1816,11,RIGHTFIRE
1817,5,DOWN
1818,5,DOWN
1819,3,RIGHT
1820,5,DOWN
1821,5,DOWN
1822,5,DOWN
1823,5,DOWN
1824,5,DOWN
1825,4,LEFT
1826,4,LEFT
1827,4,LEFT
1828,4,LEFT
1829,4,LEFT
1830,12,LEFTFIRE
1831,4,LEFT
1832,4,LEFT
1833,4,LEFT
1834,0,NOOP
1835,0,NOOP
1836,0,NOOP
1837,0,NOOP
1838,0,NOOP
1839,5,DOWN
1840,5,DOWN
1841,5,DOWN
1842,5,DOWN
1843,3,RIGHT
1844,3,RIGHT
1845,3,RIGHT
1846,11,RIGHTFIRE
1847,0,NOOP
1848,0,NOOP
1849,11,RIGHTFIRE
1850,11,RIGHTFIRE
1851,0,NOOP
1852,5,DOWN
1853,3,RIGHT
1854,5,DOWN
1855,5,DOWN
1856,5,DOWN
1857,5,DOWN
1858,5,DOWN
1859,4,LEFT
1860,4,LEFT
1861,4,LEFT
1862,4,LEFT
1863,4,LEFT
1864,4,LEFT
1865,4,LEFT
1866,4,LEFT
1867,4,LEFT
1868,4,LEFT
1869,4,LEFT
1870,4,LEFT
1871,4,LEFT
1872,4,LEFT
1873,2,UP
1874,2,UP
1875,2,UP
1876,2,UP
1877,2,UP
1878,4,LEFT
1879,1,FIRE
1880,0,NOOP
1881,0,NOOP
1882,0,NOOP
1883,3,RIGHT
1884,5,DOWN
1885,5,DOWN
1886,5,DOWN
1887,5,DOWN
1888,5,DOWN
1889,3,RIGHT
1890,3,RIGHT
1891,3,RIGHT
1892,3,RIGHT
1893,3,RIGHT
1894,3,RIGHT
1895,3,RIGHT
1896,3,RIGHT
1897,3,RIGHT
1898,3,RIGHT
1899,3,RIGHT
1900,3,RIGHT
1901,3,RIGHT
1902,5,DOWN
1903,5,DOWN
1904,5,DOWN
1905,5,DOWN
1906,3,RIGHT
1907,3,RIGHT
1908,3,RIGHT
1909,3,RIGHT
1910,11,RIGHTFIRE
1911,0,NOOP
1912,0,NOOP
1913,11,RIGHTFIRE
1914,11,RIGHTFIRE
1915,5,DOWN
1916,5,DOWN
1917,3,RIGHT
1918,5,DOWN
1919,5,DOWN
1920,5,DOWN
1921,5,DOWN
1922,5,DOWN
1923,4,LEFT
1924,4,LEFT
1925,4,LEFT
1926,4,LEFT
1927,4,LEFT
1928,4,LEFT
1929,12,LEFTFIRE
1930,4,LEFT
1931,4,LEFT
1932,4,LEFT
1933,4,LEFT
1934,4,LEFT
1935,4,LEFT
1936,4,LEFT
1937,4,LEFT
1938,2,UP
1939,2,UP
1940,2,UP
1941,2,UP
1942,2,UP
1943,4,LEFT
1944,1,FIRE
1945,0,NOOP
1946,0,NOOP
1947,0,NOOP
1948,3,RIGHT
1949,5,DOWN
1950,5,DOWN
1951,5,DOWN
1952,5,DOWN
1953,5,DOWN
1954,3,RIGHT
1955,3,RIGHT
1956,3,RIGHT
1957,3,RIGHT
1958,3,RIGHT
1959,3,RIGHT
1960,11,RIGHTFIRE
1961,0,NOOP
1962,0,NOOP
1963,0,NOOP
1964,0,NOOP
1965,0,NOOP
1966,0,NOOP
1967,0,NOOP
1968,5,DOWN
1969,5,DOWN
1970,5,DOWN
1971,2,UP
1972,2,UP
1973,2,UP
1974,2,UP
1975,4,LEFT
1976,12,LEFTFIRE
1977,4,LEFT
1978,4,LEFT
1979,4,LEFT
1980,4,LEFT
1981,4,LEFT
1982,4,LEFT
1983,4,LEFT
1984,4,LEFT
1985,0,NOOP
1986,0,NOOP
1987,0,NOOP
1988,0,NOOP
1989,0,NOOP
1990,0,NOOP
1991,0,NOOP
1992,0,NOOP
1993,0,NOOP
1994,0,NOOP
1995,0,NOOP
1996,0,NOOP
1997,0,NOOP
1998,0,NOOP
1999,0,NOOP
2000,0,NOOP
2001,0,NOOP
2002,0,NOOP
2003,5,DOWN
2004,5,DOWN
2005,5,DOWN
2006,5,DOWN
2007,3,RIGHT
2008,3,RIGHT
2009,3,RIGHT
2010,3,RIGHT
2011,11,RIGHTFIRE
2012,11,RIGHTFIRE
2013,11,RIGHTFIRE
2014,0,NOOP
2015,11,RIGHTFIRE
2016,11,RIGHTFIRE
2017,5,DOWN
2018,5,DOWN
2019,5,DOWN
2020,5,DOWN
2021,5,DOWN
2022,5,DOWN
2023,5,DOWN
2024,4,LEFT
2025,4,LEFT
2026,4,LEFT
2027,4,LEFT
2028,4,LEFT
2029,4,LEFT
2030,12,LEFTFIRE
2031,0,NOOP
2032,0,NOOP
2033,0,NOOP
2034,0,NOOP
2035,0,NOOP
2036,0,NOOP
2037,0,NOOP
2038,5,DOWN
2039,5,DOWN
2040,5,DOWN
2041,5,DOWN
2042,5,DOWN
2043,3,RIGHT
2044,3,RIGHT
2045,3,RIGHT
2046,3,RIGHT
2047,3,RIGHT
2048,11,RIGHTFIRE
2049,0,NOOP
2050,0,NOOP
2051,11,RIGHTFIRE
2052,0,NOOP
2053,0,NOOP
2054,5,DOWN
2055,5,DOWN
2056,5,DOWN
2057,5,DOWN
2058,5,DOWN
2059,4,LEFT
2060,4,LEFT
2061,4,LEFT
2062,4,LEFT
2063,4,LEFT
2064,4,LEFT
2065,4,LEFT
2066,4,LEFT
2067,4,LEFT
2068,4,LEFT
2069,4,LEFT
2070,4,LEFT
2071,4,LEFT
2072,4,LEFT
2073,2,UP
2074,2,UP
2075,2,UP
2076,2,UP
2077,2,UP
2078,4,LEFT
2079,1,FIRE
2080,0,NOOP
2081,0,NOOP
2082,3,RIGHT
2083,5,DOWN
2084,5,DOWN
2085,5,DOWN
2086,5,DOWN
2087,5,DOWN
2088,3,RIGHT
2089,3,RIGHT
2090,3,RIGHT
2091,3,RIGHT
2092,3,RIGHT
2093,3,RIGHT
2094,3,RIGHT
2095,3,RIGHT
2096,3,RIGHT
2097,3,RIGHT
2098,3,RIGHT
2099,3,RIGHT
2100,3,RIGHT
2101,3,RIGHT
2102,5,DOWN
2103,5,DOWN
2104,5,DOWN
2105,5,DOWN
2106,5,DOWN
2107,3,RIGHT
2108,3,RIGHT
2109,3,RIGHT
2110,3,RIGHT
2111,11,RIGHTFIRE
2112,0,NOOP
2113,0,NOOP
2114,0,NOOP
2115,11,RIGHTFIRE
2116,0,NOOP
2117,0,NOOP
2118,3,RIGHT
2119,5,DOWN
2120,5,DOWN
2121,5,DOWN
2122,5,DOWN
2123,5,DOWN
2124,4,LEFT
2125,4,LEFT
2126,4,LEFT
2127,4,LEFT
2128,4,LEFT
2129,4,LEFT
2130,12,LEFTFIRE
2131,4,LEFT
2132,4,LEFT
2133,4,LEFT
2134,4,LEFT
2135,4,LEFT
2136,4,LEFT
2137,4,LEFT
2138,4,LEFT
2139,2,UP
2140,2,UP
2141,2,UP
2142,2,UP
2143,2,UP
2144,4,LEFT
2145,1,FIRE
2146,0,NOOP
2147,0,NOOP
2148,0,NOOP
2149,3,RIGHT
2150,5,DOWN
2151,5,DOWN
2152,5,DOWN
2153,5,DOWN
2154,5,DOWN
2155,3,RIGHT
2156,3,RIGHT
2157,3,RIGHT
2158,3,RIGHT
2159,3,RIGHT
2160,3,RIGHT
2161,11,RIGHTFIRE
2162,0,NOOP
2163,0,NOOP
2164,0,NOOP
2165,0,NOOP
2166,0,NOOP
2167,0,NOOP
2168,4,LEFT
2169,12,LEFTFIRE
2170,4,LEFT
2171,4,LEFT
2172,4,LEFT
2173,4,LEFT
2174,4,LEFT
2175,4,LEFT
2176,4,LEFT
2177,4,LEFT
2178,4,LEFT
2179,0,NOOP
2180,0,NOOP
2181,0,NOOP
2182,0,NOOP
2183,0,NOOP
2184,0,NOOP
2185,0,NOOP
2186,0,NOOP
2187,0,NOOP
2188,0,NOOP
2189,0,NOOP
2190,0,NOOP
2191,0,NOOP
2192,0,NOOP
2193,0,NOOP
2194,0,NOOP
2195,0,NOOP
2196,0,NOOP
2197,0,NOOP
2198,0,NOOP
2199,0,NOOP
2200,0,NOOP
2201,0,NOOP
2202,0,NOOP
2203,5,DOWN
2204,5,DOWN
2205,5,DOWN
2206,5,DOWN
2207,5,DOWN
2208,3,RIGHT
2209,3,RIGHT
2210,3,RIGHT
2211,3,RIGHT
2212,3,RIGHT
2213,11,RIGHTFIRE
2214,0,NOOP
2215,0,NOOP
2216,11,RIGHTFIRE
2217,0,NOOP
2218,0,NOOP
2219,0,NOOP
2220,5,DOWN
2221,5,DOWN
2222,5,DOWN
2223,5,DOWN
2224,5,DOWN
2225,5,DOWN
2226,4,LEFT
2227,4,LEFT
2228,4,LEFT
2229,4,LEFT
2230,4,LEFT
2231,4,LEFT
2232,12,LEFTFIRE
2233,0,NOOP
2234,0,NOOP
2235,0,NOOP
2236,0,NOOP
2237,0,NOOP
2238,0,NOOP
2239,0,NOOP
2240,5,DOWN
2241,5,DOWN
2242,5,DOWN
2243,5,DOWN
2244,3,RIGHT
2245,3,RIGHT
2246,3,RIGHT
2247,3,RIGHT
2248,11,RIGHTFIRE
2249,0,NOOP
2250,0,NOOP
2251,11,RIGHTFIRE
2252,0,NOOP
2253,0,NOOP
2254,0,NOOP
2255,5,DOWN
2256,5,DOWN
2257,5,DOWN
2258,5,DOWN
2259,5,DOWN
2260,4,LEFT
2261,4,LEFT
2262,4,LEFT
2263,4,LEFT
2264,4,LEFT
2265,4,LEFT
2266,4,LEFT
2267,4,LEFT
2268,4,LEFT
2269,4,LEFT
2270,4,LEFT
2271,4,LEFT
2272,4,LEFT
2273,4,LEFT
2274,2,UP
2275,2,UP
2276,2,UP
2277,2,UP
2278,2,UP
2279,4,LEFT
2280,1,FIRE
2281,0,NOOP
2282,0,NOOP
2283,0,NOOP
2284,3,RIGHT
2285,3,RIGHT
2286,5,DOWN
2287,5,DOWN
2288,4,LEFT
2289,5,DOWN
2290,5,DOWN
2291,5,DOWN
2292,5,DOWN
2293,5,DOWN
2294,3,RIGHT
2295,3,RIGHT
2296,3,RIGHT
2297,3,RIGHT
2298,3,RIGHT
2299,3,RIGHT
2300,3,RIGHT
2301,3,RIGHT
2302,11,RIGHTFIRE
2303,11,RIGHTFIRE
2304,11,RIGHTFIRE
2305,11,RIGHTFIRE
2306,0,NOOP
2307,0,NOOP
2308,0,NOOP
2309,0,NOOP
2310,2,UP
2311,2,UP
2312,11,RIGHTFIRE
2313,5,DOWN
2314,5,DOWN
2315,5,DOWN
2316,5,DOWN
2317,0,NOOP
2318,0,NOOP
2319,0,NOOP
2320,0,NOOP
2321,0,NOOP
2322,0,NOOP
2323,0,NOOP
2324,11,RIGHTFIRE
2325,11,RIGHTFIRE
2326,5,DOWN
2327,5,DOWN
2328,5,DOWN
2329,5,DOWN
2330,11,RIGHTFIRE
2331,11,RIGHTFIRE
2332,5,DOWN
2333,5,DOWN
2334,3,RIGHT
2335,12,LEFTFIRE
2336,4,LEFT
2337,4,LEFT
2338,4,LEFT
2339,2,UP
2340,2,UP
2341,2,UP
2342,2,UP
2343,2,UP
2344,5,DOWN
2345,5,DOWN
2346,2,UP
2347,2,UP
2348,11,RIGHTFIRE
2349,5,DOWN
2350,5,DOWN
2351,5,DOWN
2352,5,DOWN
2353,5,DOWN
2354,5,DOWN
2355,5,DOWN
2356,5,DOWN
2357,4,LEFT
2358,4,LEFT
2359,4,LEFT
2360,4,LEFT
2361,4,LEFT
2362,0,NOOP
2363,0,NOOP
2364,0,NOOP
2365,0,NOOP
2366,0,NOOP
2367,0,NOOP
2368,0,NOOP
2369,11,RIGHTFIRE
2370,11,RIGHTFIRE
2371,0,NOOP
2372,0,NOOP
2373,0,NOOP
2374,0,NOOP
2375,2,UP
2376,11,RIGHTFIRE
2377,5,DOWN
2378,5,DOWN
2379,5,DOWN
2380,5,DOWN
2381,5,DOWN
2382,5,DOWN
2383,5,DOWN
2384,4,LEFT
2385,4,LEFT
2386,4,LEFT
2387,4,LEFT
2388,4,LEFT
2389,4,LEFT
2390,4,LEFT
2391,4,LEFT
2392,4,LEFT
2393,4,LEFT
2394,4,LEFT
2395,4,LEFT
2396,4,LEFT
2397,4,LEFT
2398,2,UP
2399,2,UP
2400,2,UP
2401,2,UP
2402,2,UP
2403,4,LEFT
2404,11,RIGHTFIRE
2405,11,RIGHTFIRE
2406,11,RIGHTFIRE
2407,0,NOOP
2408,0,NOOP
2409,0,NOOP
2410,0,NOOP
2411,2,UP
2412,11,RIGHTFIRE
2413,5,DOWN
2414,5,DOWN
2415,5,DOWN
2416,5,DOWN
2417,5,DOWN
2418,5,DOWN
2419,5,DOWN
2420,4,LEFT
2421,4,LEFT
2422,4,LEFT
2423,4,LEFT
2424,4,LEFT
2425,4,LEFT
2426,4,LEFT
2427,4,LEFT
2428,4,LEFT
2429,0,NOOP
2430,0,NOOP
2431,0,NOOP
2432,0,NOOP
2433,0,NOOP
2434,0,NOOP
2435,11,RIGHTFIRE
2436,11,RIGHTFIRE
2437,0,NOOP
2438,0,NOOP
2439,0,NOOP
2440,0,NOOP
2441,2,UP
2442,11,RIGHTFIRE
2443,5,DOWN
2444,5,DOWN
2445,5,DOWN
2446,5,DOWN
2447,5,DOWN
2448,5,DOWN
2449,5,DOWN
2450,4,LEFT
2451,4,LEFT
2452,4,LEFT
2453,4,LEFT
2454,4,LEFT
2455,4,LEFT
2456,4,LEFT
2457,4,LEFT
2458,4,LEFT
2459,4,LEFT
2460,4,LEFT
2461,4,LEFT
2462,4,LEFT
2463,4,LEFT
2464,2,UP
2465,2,UP
2466,2,UP
2467,2,UP
2468,2,UP
2469,4,LEFT
2470,1,FIRE
2471,3,RIGHT
2472,3,RIGHT
2473,3,RIGHT
2474,3,RIGHT
2475,3,RIGHT
2476,3,RIGHT
2477,3,RIGHT
2478,3,RIGHT
2479,3,RIGHT
2480,3,RIGHT
2481,3,RIGHT
2482,3,RIGHT
2483,3,RIGHT
2484,3,RIGHT
2485,3,RIGHT
2486,3,RIGHT
2487,11,RIGHTFIRE
2488,-1,I don't know
2489,-1,I don't know
2490,-1,I don't know
2491,-1,I don't know
2492,-1,I don't know
2493,-1,I don't know
2494,-1,I don't know
2495,-1,I don't know
2496,3,RIGHT
2497,-1,I don't know
2498,-1,I don't know
2499,-1,I don't know
2500,-1,I don't know
2501,-1,I don't know
2502,-1,I don't know
2503,-1,I don't know
2504,-1,I don't know
2505,-1,I don't know
2506,-1,I don't know
2507,-1,I don't know
2508,-1,I don't know
2509,0,NOOP
2510,0,NOOP
2511,0,NOOP
2512,0,NOOP
2513,0,NOOP
2514,0,NOOP
2515,0,NOOP
2516,0,NOOP
2517,0,NOOP
2518,0,NOOP
2519,0,NOOP
2520,0,NOOP
2521,11,RIGHTFIRE
2522,0,NOOP
2523,0,NOOP
2524,0,NOOP
2525,0,NOOP
2526,0,NOOP
2527,2,UP
2528,11,RIGHTFIRE
2529,5,DOWN
2530,5,DOWN
2531,5,DOWN
2532,5,DOWN
2533,5,DOWN
2534,5,DOWN
2535,5,DOWN
2536,4,LEFT
2537,4,LEFT
2538,4,LEFT
2539,4,LEFT
2540,4,LEFT
2541,4,LEFT
2542,4,LEFT
2543,4,LEFT
2544,4,LEFT
2545,0,NOOP
2546,0,NOOP
2547,0,NOOP
2548,0,NOOP
2549,0,NOOP
2550,0,NOOP
2551,11,RIGHTFIRE
2552,0,NOOP
2553,0,NOOP
2554,0,NOOP
2555,0,NOOP
2556,0,NOOP
2557,2,UP
2558,11,RIGHTFIRE
2559,5,DOWN
2560,5,DOWN
2561,5,DOWN
2562,5,DOWN
2563,5,DOWN
2564,5,DOWN
2565,5,DOWN
2566,4,LEFT
2567,4,LEFT
2568,4,LEFT
2569,4,LEFT
2570,4,LEFT
2571,4,LEFT
2572,4,LEFT
2573,4,LEFT
2574,4,LEFT
2575,4,LEFT
2576,4,LEFT
2577,4,LEFT
2578,4,LEFT
2579,4,LEFT
2580,2,UP
2581,2,UP
2582,2,UP
2583,2,UP
2584,2,UP
2585,4,LEFT
2586,1,FIRE
2587,3,RIGHT
2588,3,RIGHT
2589,3,RIGHT
2590,3,RIGHT
2591,3,RIGHT
2592,3,RIGHT
2593,3,RIGHT
2594,3,RIGHT
2595,3,RIGHT
2596,3,RIGHT
2597,3,RIGHT
2598,3,RIGHT
2599,3,RIGHT
2600,3,RIGHT
2601,3,RIGHT
2602,11,RIGHTFIRE
2603,3,RIGHT
2604,3,RIGHT
2605,3,RIGHT
2606,4,LEFT
2607,11,RIGHTFIRE
2608,0,NOOP
2609,0,NOOP
2610,0,NOOP
2611,0,NOOP
2612,0,NOOP
2613,2,UP
2614,11,RIGHTFIRE
2615,5,DOWN
2616,5,DOWN
2617,5,DOWN
2618,5,DOWN
2619,5,DOWN
2620,5,DOWN
2621,5,DOWN
2622,4,LEFT
2623,4,LEFT
2624,4,LEFT
2625,4,LEFT
2626,4,LEFT
2627,4,LEFT
2628,4,LEFT
2629,4,LEFT
2630,0,NOOP
2631,0,NOOP
2632,0,NOOP
2633,0,NOOP
2634,0,NOOP
2635,0,NOOP
2636,0,NOOP
2637,11,RIGHTFIRE
2638,0,NOOP
2639,0,NOOP
2640,0,NOOP
2641,0,NOOP
2642,0,NOOP
2643,2,UP
2644,11,RIGHTFIRE
2645,5,DOWN
2646,5,DOWN
2647,5,DOWN
2648,5,DOWN
2649,5,DOWN
2650,5,DOWN
2651,5,DOWN
2652,4,LEFT
2653,4,LEFT
2654,4,LEFT
2655,4,LEFT
2656,4,LEFT
2657,4,LEFT
2658,4,LEFT
2659,4,LEFT
2660,4,LEFT
2661,4,LEFT
2662,4,LEFT
2663,4,LEFT
2664,4,LEFT
2665,4,LEFT
2666,2,UP
2667,2,UP
2668,2,UP
2669,2,UP
2670,2,UP
2671,4,LEFT
2672,1,FIRE
2673,3,RIGHT
2674,3,RIGHT
2675,3,RIGHT
2676,3,RIGHT
2677,3,RIGHT
2678,3,RIGHT
2679,0,NOOP
2680,0,NOOP
2681,0,NOOP
2682,3,RIGHT
2683,3,RIGHT
2684,3,RIGHT
2685,3,RIGHT
2686,3,RIGHT
2687,3,RIGHT
2688,11,RIGHTFIRE
2689,3,RIGHT
2690,3,RIGHT
2691,3,RIGHT
2692,3,RIGHT
2693,3,RIGHT
2694,3,RIGHT
2695,3,RIGHT
2696,3,RIGHT
2697,3,RIGHT
2698,3,RIGHT
2699,3,RIGHT
2700,3,RIGHT
2701,3,RIGHT
2702,3,RIGHT
2703,3,RIGHT
2704,3,RIGHT
